{
  "version": 1,
  "author": "Sarah Ribeiro",
  "editor": "wokwi",
  "parts": [
    { "type": "board-esp32-s2-devkitm-1", "id": "esp", "top": 0, "left": 0, "attrs": {} },
    {
      "type": "wokwi-led",
      "id": "led1",
      "top": -50.84,
      "left": -470.25,
      "attrs": { "color": "red" }
    },
    {
      "type": "wokwi-led",
      "id": "led2",
      "top": -49.79,
      "left": -522.29,
      "attrs": { "color": "limegreen" }
    },
    {
      "type": "wokwi-led",
      "id": "led3",
      "top": -51.26,
      "left": -416.45,
      "attrs": { "color": "blue" }
    },
    {
      "type": "wokwi-led",
      "id": "led4",
      "top": -52.45,
      "left": -361.85,
      "attrs": { "color": "yellow" }
    },
    {
      "type": "wokwi-buzzer",
      "id": "bz1",
      "top": -97.22,
      "left": 122.73,
      "attrs": { "volume": "0.1" }
    },
    {
      "type": "wokwi-photoresistor-sensor",
      "id": "ldr1",
      "top": -159.97,
      "left": -236.16,
      "attrs": {}
    }
  ],
  "connections": [
    [ "esp:TX", "$serialMonitor:RX", "", [] ],
    [ "esp:RX", "$serialMonitor:TX", "", [] ],
    [ "esp:GND.1", "led1:C", "black", [ "h0" ] ],
    [ "esp:4", "led1:A", "red", [ "h0" ] ],
    [ "esp:GND.1", "led3:C", "black", [ "h0" ] ],
    [ "esp:5", "led3:A", "blue", [ "h0" ] ],
    [ "esp:3", "led2:A", "green", [ "h0" ] ],
    [ "esp:GND.1", "led2:C", "black", [ "h0" ] ],
    [ "esp:GND.2", "bz1:1", "black", [ "h0" ] ],
    [ "esp:GND.1", "led4:C", "black", [ "h0" ] ],
    [ "esp:6", "led4:A", "yellow", [ "h0" ] ],
    [ "esp:21", "bz1:2", "orange", [ "h0" ] ],
    [ "esp:GND.2", "ldr1:GND", "black", [ "h10.09", "v-133.82" ] ],
    [ "esp:1", "ldr1:AO", "limegreen", [ "h0" ] ],
    [ "esp:3V3", "ldr1:VCC", "red", [ "v0" ] ]
  ]
}